id,title,company,job_location,job_state,date,site,job_description,salary,url,applied,search_term,skills,skills_by_category,priority,status,category,inserted_at,last_verified,user_id,flat_skills
a75c91c0-e4cf-4d4f-8ef1-29b8c2062fdb,"Senior Software Engineer, Originations",Credit Acceptance Corporation,USA (Remote),usa (remote),2025-07-11,CareerBuilder,,N/A,https://www.careerbuilder.com/job/J3V6QS6VFK71529VGK7,False,software engineer,[],{'Languages & Scripting': ['r']},0,new,,2025-07-11 15:25:09.300975,,,[]
9cabfff2-e22b-403d-a5ef-6b91a1d5a07f,"Software Engineer, GDScript - AI Training (Freelance, Remote)",Alignerr,"San Francisco, CA (Remote)","san francisco, ca (remote)",2025-07-11,CareerBuilder,,N/A,https://www.careerbuilder.com/job/J3S7JZ5WMXZYLTF3DMP,False,software engineer,[],{'Languages & Scripting': ['r']},0,new,,2025-07-11 15:25:09.882787,,,[]
fe0b5aac-19d2-4387-a0e0-015f734fc5c8,"Software Engineer, SQL - AI Training (Freelance, Remote)",Alignerr,"San Francisco, CA (Remote)","san francisco, ca (remote)",2025-07-11,CareerBuilder,,N/A,https://www.careerbuilder.com/job/J3M6586FMS13HMX787J,False,software engineer,[],"{'Languages & Scripting': ['sql', 'r']}",0,new,,2025-07-11 15:25:10.406595,,,[]
7d8a706a-86f7-49bc-b496-7060e7a26112,"Software Engineer, YAML - AI Training (Freelance, Remote)",Alignerr,"San Francisco, CA (Remote)","san francisco, ca (remote)",2025-07-11,CareerBuilder,,N/A,https://www.careerbuilder.com/job/J3N6PD6HT5J55QKPD4D,False,software engineer,[],"{'Languages & Scripting': ['yaml', 'r']}",0,new,,2025-07-11 15:25:10.933091,,,[]
c5599fd1-4f19-4752-ad80-a5c40d22315b,"Senior Software Engineer, Billing & Expansion Team - US (Remote)",TieTalent,"San Francisco, CA (Remote)","san francisco, ca (remote)",2025-07-11,CareerBuilder,,N/A,https://www.careerbuilder.com/job/J3R2C16512TJZ0T1NDS,False,software engineer,[],{'Languages & Scripting': ['r']},0,new,,2025-07-11 15:25:11.446995,,,[]
0859fe9b-f06f-4166-937a-e31cb87d5600,Staff Software Engineer - Product (Remote),Pair Team,"San Francisco, CA (Remote)","san francisco, ca (remote)",2025-07-11,CareerBuilder,,N/A,https://www.careerbuilder.com/job/J3N6ML6VC1XTCG6F9NQ,False,software engineer,[],{'Languages & Scripting': ['r']},0,new,,2025-07-11 15:25:12.034768,,,[]
ed786174-7876-41bd-80b0-2a4da033576a,Software Engineer - Remote Nationwide,Optum,"San Diego, CA (Remote)","san diego, ca (remote)",2025-07-11,CareerBuilder,,N/A,https://www.careerbuilder.com/job/J3M0086YG58TFFSV01C,False,software engineer,[],{'Languages & Scripting': ['r']},0,new,,2025-07-11 15:25:12.606469,,,[]
f4224699-90e0-4abb-87ce-2a3f59a541d2,"Senior Back End Software Engineer - Biologics (Java, Vert.x, AWS) - Remote US","Revvity, Inc.","Waltham, MA (Remote)","waltham, ma (remote)",2025-07-11,CareerBuilder,,N/A,https://www.careerbuilder.com/job/J3R0N1695XHJGBJK4GH,False,software engineer,[],"{'Languages & Scripting': ['java', 'r'], 'Cloud & Infrastructure': ['aws'], 'Testing & QA': ['ava']}",0,new,,2025-07-11 15:25:13.173563,,,[]
29965802-e6a3-4a4d-ba22-674e479c8a30,"Software Engineer, CMake - AI Training (Freelance, Remote)",Alignerr,"San Francisco, CA (Remote)","san francisco, ca (remote)",2025-07-11,CareerBuilder,,N/A,https://www.careerbuilder.com/job/J3T0736SHLJ1D8DL8KK,False,software engineer,[],{'Languages & Scripting': ['r']},0,new,,2025-07-11 15:25:13.761346,,,[]
3a5f9b8c-ce50-4d8d-a242-4a7869882aab,"Software Engineer, Ruby - AI Training (Freelance, Remote)",Alignerr,"San Francisco, CA (Remote)","san francisco, ca (remote)",2025-07-11,CareerBuilder,,N/A,https://www.careerbuilder.com/job/J3W06B797TCCQNRN922,False,software engineer,[],{'Languages & Scripting': ['r']},0,new,,2025-07-11 15:25:14.363710,,,[]
094bcbf0-39c5-4d6b-93b2-dfa46e105892,Principal IT Software Engineer - JUDI - Remote,Lensa,"Washington, DC (Remote)","washington, dc (remote)",2025-07-11,CareerBuilder,,N/A,https://www.careerbuilder.com/job/J3M1QW6WBTL19ZZ1DLW,False,software engineer,[],{'Languages & Scripting': ['r']},0,new,,2025-07-11 15:25:14.975352,,,[]
61d87e8d-8012-4493-9f0c-ab566a363a39,"Software Engineer, Node.js - AI Training (Freelance, Remote)",Alignerr,"San Francisco, CA (Remote)","san francisco, ca (remote)",2025-07-11,CareerBuilder,,N/A,https://www.careerbuilder.com/job/J3Q6086D7FJGG535ZT7,False,software engineer,[],"{'Languages & Scripting': ['r'], 'Backend & API': ['node.js']}",0,new,,2025-07-11 15:25:15.503304,,,[]
dbb8639a-13d9-4a7e-8a49-dd53b3242c26,Senior Software Engineer - Front End (Remote),Pair Team,"San Francisco, CA (Remote)","san francisco, ca (remote)",2025-07-11,CareerBuilder,,N/A,https://www.careerbuilder.com/job/J3W0ZQ70W52STKF21G5,False,software engineer,[],{'Languages & Scripting': ['r']},0,new,,2025-07-11 15:25:16.047976,,,[]
c4797b1d-6a87-4301-a514-b402adc73a24,Software Engineer,Object Systems International,USA (Remote),usa (remote),2025-07-11,CareerBuilder,,N/A,https://www.careerbuilder.com/job/JQS5CJ6MGK7QXNT3DYS,False,software engineer,[],{'Languages & Scripting': ['r']},0,new,,2025-07-11 15:25:16.620440,,,[]
3422f3a8-1a4a-4526-83ac-ff933bd8c91b,Principal IT Software Engineer - JUDI - Remote,Lensa,"Salt Lake City, UT (Remote)","salt lake city, ut (remote)",2025-07-11,CareerBuilder,,N/A,https://www.careerbuilder.com/job/J3M74L74LT60FHT70VL,False,software engineer,[],{'Languages & Scripting': ['r']},0,new,,2025-07-11 15:25:17.148996,,,[]
a57c5d25-ae96-489c-bcc1-ad54e3e10b0e,"Software Engineer, Java - AI Training (Freelance, Remote)",Alignerr,"San Francisco, CA (Remote)","san francisco, ca (remote)",2025-07-11,CareerBuilder,,N/A,https://www.careerbuilder.com/job/J3M2KY6G0MVCZGVT682,False,software engineer,[],"{'Languages & Scripting': ['java', 'r'], 'Testing & QA': ['ava']}",0,new,,2025-07-11 15:25:17.692489,,,[]
d688a364-1c65-47c1-9753-f089dabb979a,Software Engineer (Ruby on Rails) - Remote,PayNearMe,"Santa Clara, CA (Remote)","santa clara, ca (remote)",2025-07-11,CareerBuilder,,N/A,https://www.careerbuilder.com/job/J3Q4BD75JTFZMDGRM5Z,False,software engineer,[],"{'Languages & Scripting': ['r'], 'Backend & API': ['ruby on rails']}",0,new,,2025-07-11 15:25:18.250088,,,[]
29294ba7-7aa9-4071-ac33-6de55594c464,Staff Software Engineer [REMOTE],MillenniumSoft Inc,"San Diego, CA (Remote)","san diego, ca (remote)",2025-07-11,CareerBuilder,,N/A,https://www.careerbuilder.com/job/J3R4CW6GL7NDF79Q5GY,False,software engineer,[],{'Languages & Scripting': ['r']},0,new,,2025-07-11 15:25:18.782133,,,[]
c0edcdc0-f70b-44b9-b6e9-3751e7eedfb3,IT Principal Software Engineer - Remote,Jobs via Dice,"Rochester, MN (Remote)","rochester, mn (remote)",2025-07-11,CareerBuilder,,N/A,https://www.careerbuilder.com/job/J3T4YF71NTCFYT8366B,False,software engineer,[],{'Languages & Scripting': ['r']},0,new,,2025-07-11 15:25:19.367973,,,[]
e5562b7b-6ba7-4fe5-adc3-bf9916307e10,"Senior Software Development Engineer (SQL/NoSQL, Scala, Node.js) - Remote","Revvity, Inc.","Boston, MA (Remote)","boston, ma (remote)",2025-07-11,CareerBuilder,,N/A,https://www.careerbuilder.com/job/J3M41R67J6KQ0KZD0HR,False,software engineer,[],"{'Languages & Scripting': ['sql', 'r', 'scala'], 'Backend & API': ['node.js']}",0,new,,2025-07-11 15:25:19.966830,,,[]
e047b063-887b-4810-9f62-ffb6c3195346,Principal IT Software Engineer - JUDI - Remote,Lensa,"Baton Rouge, LA (Remote)","baton rouge, la (remote)",2025-07-11,CareerBuilder,,N/A,https://www.careerbuilder.com/job/J3T5RV5ZNQG8JQML2S6,False,software engineer,[],{'Languages & Scripting': ['r']},0,new,,2025-07-11 15:25:20.584045,,,[]
fbfd7c58-81e6-48e4-9979-591aadaf5fdb,"Senior Software Engineer, Identity Team (Remote)",Weights & Biases,"San Francisco, CA (Remote)","san francisco, ca (remote)",2025-07-11,CareerBuilder,,N/A,https://www.careerbuilder.com/job/J3Q7535WYWM2XC9HPFC,False,software engineer,[],{'Languages & Scripting': ['r']},0,new,,2025-07-11 15:25:21.141724,,,[]
9c8c44c8-53e3-4b40-bc99-d32ff206a08e,"Senior Software Engineer, Test Automation (Remote - MD, DC, VA)",Lensa,"Washington, DC (Remote)","washington, dc (remote)",2025-07-11,CareerBuilder,,N/A,https://www.careerbuilder.com/job/J3N35564XH4SFCTQP4L,False,software engineer,[],{'Languages & Scripting': ['r']},0,new,,2025-07-11 15:25:21.701428,,,[]
30bfbc2a-865d-4fb9-9927-42af84851bd2,"Software Engineer, Python - AI Training (Freelance, Remote)",Alignerr,"San Francisco, CA (Remote)","san francisco, ca (remote)",2025-07-11,CareerBuilder,,N/A,https://www.careerbuilder.com/job/J3R1ZB60M7SJDNCPFZB,False,software engineer,[],"{'Languages & Scripting': ['python', 'r']}",0,new,,2025-07-11 15:25:22.266854,,,[]
863c8a3d-0f66-4b3d-af2b-a8f921480354,Remote Senior Software Engineer (LLM) - 34953,Turing,"San Francisco, CA (Remote)","san francisco, ca (remote)",2025-07-11,CareerBuilder,,N/A,https://www.careerbuilder.com/job/J3M1YL68FPG9C1S0TFL,False,software engineer,[],{'Languages & Scripting': ['r']},0,new,,2025-07-11 15:25:22.820654,,,[]
c478aa59-b215-478e-b1da-0eebaec189c1,Principal IT Software Engineer - JUDI - Remote,Lensa,"Pierre, SD (Remote)","pierre, sd (remote)",2025-07-11,CareerBuilder,,N/A,https://www.careerbuilder.com/job/J3N0NY635QPNZYG68GW,False,software engineer,[],{'Languages & Scripting': ['r']},0,new,,2025-07-11 15:25:30.982064,,,[]
cbf37ebd-447f-4452-8bb9-ea405fc005a3,Senior Embedded Software Engineer,Applied Research Associates,"Work From Home, CA (Remote)","work from home, ca (remote)",2025-07-11,CareerBuilder,,N/A,https://www.careerbuilder.com/job/J3Q3J164P3CZG2QCM07,False,software engineer,[],{'Languages & Scripting': ['r']},0,new,,2025-07-11 15:25:31.631590,,,[]
7668ea7e-f0a4-48b4-b82a-1fae2c98de6b,Staff Software Engineer (Remote),Imply,"Burlingame, CA (Remote)","burlingame, ca (remote)",2025-07-11,CareerBuilder,,N/A,https://www.careerbuilder.com/job/J3N86T70DQ7VMBP41D9,False,software engineer,[],{'Languages & Scripting': ['r']},0,new,,2025-07-11 15:25:32.239006,,,[]
f694e0af-5be5-4684-8c30-a9825b66ea3e,"Sr. Software Engineer, Backend - Ingestion (Remote)",CrowdStrike,"Sunnyvale, CA (Remote)","sunnyvale, ca (remote)",2025-07-11,CareerBuilder,,N/A,https://www.careerbuilder.com/job/J3W68077NFVG329V7WK,False,software engineer,[],{'Languages & Scripting': ['r']},0,new,,2025-07-11 15:25:32.856145,,,[]
51bbc519-5803-4128-ac0f-3dc68c65e04e,Backend Software Engineer - Spacetime,Aalyria,"Work From Home, CA (Remote)","work from home, ca (remote)",2025-07-11,CareerBuilder,,N/A,https://www.careerbuilder.com/job/J3R721669L9CVZRNFPX,False,software engineer,[],{'Languages & Scripting': ['r']},0,new,,2025-07-11 15:25:33.461188,,,[]
d67184d2-7bab-4c04-953e-ede59fa0b876,Software Engineer - National Remote,Lensa,"San Diego, CA (Remote)","san diego, ca (remote)",2025-07-11,CareerBuilder,,N/A,https://www.careerbuilder.com/job/J3T4R960MW5C3DTSB52,False,software engineer,[],{'Languages & Scripting': ['r']},0,new,,2025-07-11 15:25:34.043823,,,[]
60f329aa-e451-4cf6-9245-31d375671a2d,"Lead Software Engineer (Profile, MUMPS)(Remote - Eligible)",Capital One,"New York, NY (Remote)","new york, ny (remote)",2025-07-11,CareerBuilder,,N/A,https://www.careerbuilder.com/job/J3R6JK73P598JPP6N98,False,software engineer,[],{'Languages & Scripting': ['r']},0,new,,2025-07-11 15:25:34.639021,,,[]
2757af70-387c-4123-86be-8a2dd751397f,Lead Software Engineer - Remote,UnitedHealth Group,"San Diego, CA (Remote)","san diego, ca (remote)",2025-07-11,CareerBuilder,,N/A,https://www.careerbuilder.com/job/J3Q0K772QHTPGV2M25R,False,software engineer,[],{'Languages & Scripting': ['r']},0,new,,2025-07-11 15:25:35.198039,,,[]
a3d23b9b-d78b-4753-85bb-7e685b1117d6,"Software Engineer, Customer Hardware (Starlink)",SpaceX,"Work From Home, CA (Remote)","work from home, ca (remote)",2025-07-11,CareerBuilder,,N/A,https://www.careerbuilder.com/job/J3T1KM5VJVNBHCYWNKQ,False,software engineer,[],{'Languages & Scripting': ['r']},0,new,,2025-07-11 15:25:35.757914,,,[]
b5373457-51b2-41b8-acf6-7c0f3d933468,"Lead Software Engineer, Full Stack - Shopping (Remote)",Capital One,"New York, NY (Remote)","new york, ny (remote)",2025-07-11,CareerBuilder,,N/A,https://www.careerbuilder.com/job/J3Q36475MM3H6TRD49B,False,software engineer,[],{'Languages & Scripting': ['r']},0,new,,2025-07-11 15:25:36.324682,,,[]
af28e218-1c60-4d5f-87f5-33a01bae0132,Lead ML Software Engineer - Remote,Davita Inc.,"San Diego, CA (Remote)","san diego, ca (remote)",2025-07-11,CareerBuilder,,N/A,https://www.careerbuilder.com/job/J3S84K6F1V19Q7D8R92,False,software engineer,[],{'Languages & Scripting': ['r']},0,new,,2025-07-11 15:25:36.904765,,,[]
47c57b6f-f6a3-41a0-8663-406c127d45f6,RF Software Engineer (Starlink),SpaceX,"Work From Home, TX (Remote)","work from home, tx (remote)",2025-07-11,CareerBuilder,,N/A,https://www.careerbuilder.com/job/J3V5PQ6WS2HMJ9NZMRN,False,software engineer,[],{'Languages & Scripting': ['r']},0,new,,2025-07-11 15:25:37.453179,,,[]
bc856755-ff6b-46d7-9b4c-8d8501377e12,Software Engineer,HonorVet Technologies,"Work From Home, CA (Remote)","work from home, ca (remote)",2025-07-11,CareerBuilder,,N/A,https://www.careerbuilder.com/job/J3M0KP5ZNRFS6S4F1T4,False,software engineer,[],{'Languages & Scripting': ['r']},0,new,,2025-07-11 15:25:38.018738,,,[]
83071d80-d12c-482d-aede-f5f071dc394b,Engineer I Software Engineering - US Based Remote,Lensa,"Seattle, WA (Remote)","seattle, wa (remote)",2025-07-11,CareerBuilder,,N/A,https://www.careerbuilder.com/job/J3W21P6NRVLWPBP0RG7,False,software engineer,[],{'Languages & Scripting': ['r']},0,new,,2025-07-11 15:25:38.596398,,,[]
5aa90de0-ccd9-45d0-9644-251b2d985ae1,Software Engineer,USA (Remote),Full-Time/Part-Time,full-time/part-time,2025-07-11,CareerBuilder,,N/A,https://www.careerbuilder.com/job/JQV30V6FQG9XGQRZ55F,False,software engineer,[],{'Languages & Scripting': ['r']},0,new,,2025-07-11 15:25:39.165680,,,[]
78375f90-bf94-4df8-841f-fa121de61677,Principal Software Development Engineer (Core Chemistry) - Remote,"Revvity, Inc.","Waltham, MA (Remote)","waltham, ma (remote)",2025-07-11,CareerBuilder,,N/A,https://www.careerbuilder.com/job/J3S36L6MQR4798PB0LY,False,software engineer,[],{'Languages & Scripting': ['r']},0,new,,2025-07-11 15:25:39.733158,,,[]
338d74eb-da1b-467b-8bcf-19bd7ea7d754,"Software Engineer, Models - US (Remote)",Weights & Biases,"San Francisco, CA (Remote)","san francisco, ca (remote)",2025-07-11,CareerBuilder,,N/A,https://www.careerbuilder.com/job/J3Q4026BW45079D39FR,False,software engineer,[],{'Languages & Scripting': ['r']},0,new,,2025-07-11 15:25:40.304439,,,[]
a9ae1ce3-d176-4f36-870f-fa3a439ed94f,Principal IT Software Engineer - JUDI - Remote,Lensa,"Annapolis, MD (Remote)","annapolis, md (remote)",2025-07-11,CareerBuilder,,N/A,https://www.careerbuilder.com/job/J3R6P96V34F33CWVJQ7,False,software engineer,[],{'Languages & Scripting': ['r']},0,new,,2025-07-11 15:25:40.896208,,,[]
2aae9fb9-3f52-4005-a98d-03b8d2080f4a,Software Engineer III (.NET/SQL) REMOTE,Claritev,"McLean, VA (Remote)","mclean, va (remote)",2025-07-11,CareerBuilder,,N/A,https://www.careerbuilder.com/job/J3S1JG5Y8DCKQC98VY6,False,software engineer,[],"{'Languages & Scripting': ['sql', 'r']}",0,new,,2025-07-11 15:25:41.587456,,,[]
3f9eeec8-19dd-4ddb-bbb1-8ad7b0c30777,"Lead Software Engineer (Profile, MUMPS)(Remote - Eligible)",RemoteWorker US,"Washington, DC (Remote)","washington, dc (remote)",2025-07-11,CareerBuilder,,N/A,https://www.careerbuilder.com/job/J3T3QS5WK9RBQ6WRBY8,False,software engineer,[],{'Languages & Scripting': ['r']},0,new,,2025-07-11 15:25:42.170406,,,[]
16de749b-b50d-4a2b-9371-b5cf04e21aaa,Software Engineer,My3Tech Inc,"Work From Home, CA (Remote)","work from home, ca (remote)",2025-07-11,CareerBuilder,,N/A,https://www.careerbuilder.com/job/J3N1B3615YFGL6Q94Z2,False,software engineer,[],{'Languages & Scripting': ['r']},0,new,,2025-07-11 15:25:42.742279,,,[]
da3a70a4-ff89-4f52-89fa-f9efb3a6ca99,"Software Engineer, PowerShell - AI Training (Freelance, Remote)",Alignerr,"San Francisco, CA (Remote)","san francisco, ca (remote)",2025-07-11,CareerBuilder,,N/A,https://www.careerbuilder.com/job/J3W3G264BD2D29Y6HZR,False,software engineer,[],"{'Languages & Scripting': ['powershell', 'r']}",0,new,,2025-07-11 15:25:43.300705,,,[]
11dfe1cd-4bf2-46c0-ae35-330274bd8b0a,Frontend Software Engineer: Xwing,ShiftCode Analytics,"Work From Home, CA (Remote)","work from home, ca (remote)",2025-07-11,CareerBuilder,,N/A,https://www.careerbuilder.com/job/J3N7566KR063G0M691W,False,software engineer,[],{'Languages & Scripting': ['r']},0,new,,2025-07-11 15:25:43.837944,,,[]
70b0eeed-68e4-4dc4-85b1-86e5a711afc3,Lead Software Engineer - Remote,Weingart Foundation,"San Diego, CA (Remote)","san diego, ca (remote)",2025-07-11,CareerBuilder,,N/A,https://www.careerbuilder.com/job/J3P7TS71LNK6TKH3YNP,False,software engineer,[],{'Languages & Scripting': ['r']},0,new,,2025-07-11 15:25:44.395656,,,[]
af13d8c4-9503-4f34-99e9-6ea762a7fec4,Staff Software Engineer - Data Streaming - Remote,Redfin,"Seattle, WA (Remote)","seattle, wa (remote)",2025-07-11,CareerBuilder,,N/A,https://www.careerbuilder.com/job/J3P7LK6QTVJ9T8BVVK4,False,software engineer,[],{'Languages & Scripting': ['r']},0,new,,2025-07-11 15:25:44.976078,,,[]
505986d0-345e-429e-99a0-ad8b9afdfe93,Senior Frontend Developer - Remote,Saga.xyz,"Los Altos, CA (Remote)","los altos, ca (remote)",2025-07-11,CareerBuilder,,N/A,https://www.careerbuilder.com/job/J3T0SL6LXJF11R4QPV6,False,front-end developer,[],{'Languages & Scripting': ['r']},0,new,,2025-07-11 15:25:53.029654,,,[]
619784c9-8977-49cf-9c47-da4ee09de907,Sr. Frontend Developer (Fulltime - Remote),RubikX LLC,"Foster City, CA (Remote)","foster city, ca (remote)",2025-07-11,CareerBuilder,,N/A,https://www.careerbuilder.com/job/J3R3J6646B3GSXX6W75,False,front-end developer,[],{'Languages & Scripting': ['r']},0,new,,2025-07-11 15:25:53.642750,,,[]
2c8d7be5-6416-46c5-96aa-ba6c82b1711d,"Experienced Front-End Developer, Earthquake Project",SF Civic Tech,"Work From Home, CA (Remote)","work from home, ca (remote)",2025-07-11,CareerBuilder,,N/A,https://www.careerbuilder.com/job/J3Q4YR68BTZYGJK5GFR,False,front-end developer,[],{'Languages & Scripting': ['r']},0,new,,2025-07-11 15:25:54.201919,,,[]
8e0d22fa-326f-4859-a6d2-59ce4225897b,"REMOTE Lead Frontend Engineer - WebGL, GIS",CyberCoders,"Beverly Hills, CA (Remote)","beverly hills, ca (remote)",2025-07-11,CareerBuilder,,N/A,https://www.careerbuilder.com/job/J3S7YD6ZRD0CH7LYFTP,False,front-end developer,[],{'Languages & Scripting': ['r']},0,new,,2025-07-11 15:25:54.774934,,,[]
d0d887f5-8ec8-46e9-84b0-c81e0b4171fb,"REMOTE Lead Frontend Engineer - WebGL, GIS",CyberCoders,"Santa Monica, CA (Remote)","santa monica, ca (remote)",2025-07-11,CareerBuilder,,N/A,https://www.careerbuilder.com/job/J3P3B26HXDP62BQ955P,False,front-end developer,[],{'Languages & Scripting': ['r']},0,new,,2025-07-11 15:25:55.719588,,,[]
5335730e-324f-420e-94cd-70784dd53e47,Frontend Engineer (San Francisco),Infisical Inc,"Work From Home, CA (Remote)","work from home, ca (remote)",2025-07-11,CareerBuilder,,N/A,https://www.careerbuilder.com/job/J3N6FM6W5J1F3BHN0WH,False,front-end developer,[],{'Languages & Scripting': ['r']},0,new,,2025-07-11 15:25:56.299844,,,[]
9b297e4c-f6b5-463b-9d95-6039ad19a7a0,Senior Frontend Engineer,ZipRecruiter,"Work From Home, CA (Remote)","work from home, ca (remote)",2025-07-11,CareerBuilder,,N/A,https://www.careerbuilder.com/job/J3Q6NP6Y9C6NXMCN7PL,False,front-end developer,[],{'Languages & Scripting': ['r']},0,new,,2025-07-11 15:25:56.885636,,,[]
3b89502c-a503-42d0-83f7-2c50d667fe80,Lead Frontend Engineer - Remote,CyberCoders,"San Francisco, CA (Remote)","san francisco, ca (remote)",2025-07-11,CareerBuilder,,N/A,https://www.careerbuilder.com/job/J3S24T6CHNBS6T742H4,False,front-end developer,[],{'Languages & Scripting': ['r']},0,new,,2025-07-11 15:25:57.473811,,,[]
ca1f0123-b71f-4dae-a873-28454aedc18a,"Staff Frontend Software Engineer, Web UI",Block USA,"Work From Home, CA (Remote)","work from home, ca (remote)",2025-07-11,CareerBuilder,,N/A,https://www.careerbuilder.com/job/J3M65G627CC3M7XQLQB,False,front-end developer,[],{'Languages & Scripting': ['r']},0,new,,2025-07-11 15:25:58.032694,,,[]
eae1b8ee-470e-4db2-88b3-d7845dc3dc8c,"Senior Software Engineer - Developer Tools, Poe (Remote)",Quora,"Work From Home, KY (Remote)","work from home, ky (remote)",2025-07-11,CareerBuilder,,N/A,https://www.careerbuilder.com/job/J3P22B6ZXNGDHK7BGY8,False,front-end developer,[],{'Languages & Scripting': ['r']},0,new,,2025-07-11 15:25:58.648541,,,[]
7f802475-7c27-4550-88c4-785db24d2167,Full Stack Developer - Remote,Jobot,"Work From Home, IL (Remote)","work from home, il (remote)",2025-07-11,CareerBuilder,,N/A,https://www.careerbuilder.com/job/J3N33H6KBDZCXBZSD8W,False,front-end developer,[],{'Languages & Scripting': ['r']},0,new,,2025-07-11 15:25:59.250968,,,[]
3e56dbad-c561-45d4-b81c-8c8e82ebc18f,"Experienced Back-End Developer, Earthquake Project",SF Civic Tech,"Work From Home, CA (Remote)","work from home, ca (remote)",2025-07-11,CareerBuilder,,N/A,https://www.careerbuilder.com/job/J3T3ZY70GDP984X54TM,False,front-end developer,[],{'Languages & Scripting': ['r']},0,new,,2025-07-11 15:25:59.830774,,,[]
af4ee3bb-827d-41d4-9f34-b9e1ed635c37,Back End Developer,Vanguard Nexus,"Work From Home, IL (Remote)","work from home, il (remote)",2025-07-11,CareerBuilder,,N/A,https://www.careerbuilder.com/job/J3N65W6QVD8TV6S5KNH,False,front-end developer,[],{'Languages & Scripting': ['r']},0,new,,2025-07-11 15:26:00.425646,,,[]
52c9afed-4407-4b16-b808-52b44b7d44f5,Back End Developer,Vanguard Nexus,"Work From Home, NV (Remote)","work from home, nv (remote)",2025-07-11,CareerBuilder,,N/A,https://www.careerbuilder.com/job/J3T4N973G5K6ZW16B4Y,False,front-end developer,[],{'Languages & Scripting': ['r']},0,new,,2025-07-11 15:26:00.998662,,,[]
dcbdcead-ee9e-41fe-a5fc-57926bf381a5,Back End Developer,Vanguard Nexus,"Work From Home, VA (Remote)","work from home, va (remote)",2025-07-11,CareerBuilder,,N/A,https://www.careerbuilder.com/job/J3S88568HP22DWFBN7K,False,front-end developer,[],{'Languages & Scripting': ['r']},0,new,,2025-07-11 15:26:01.644329,,,[]
66f558ac-cad7-43ee-bcce-a6a81d497216,Back End Developer,Delphi-US,"Work From Home, MA (Remote)","work from home, ma (remote)",2025-07-11,CareerBuilder,,N/A,https://www.careerbuilder.com/job/J3T6ZJ6NCZ8Q5NV1TPR,False,front-end developer,[],{'Languages & Scripting': ['r']},0,new,,2025-07-11 15:26:02.214762,,,[]
1cf28b4f-ab5e-4ecd-9dc9-751600b71c03,Webmaster/Admin/Developer III - Mid-Level,Zortech Solutions,"Work From Home, TX (Remote)","work from home, tx (remote)",2025-07-11,CareerBuilder,,N/A,https://www.careerbuilder.com/job/J3S3BH60PKZN9RJ8BPN,False,front-end developer,[],{'Languages & Scripting': ['r']},0,new,,2025-07-11 15:26:02.819346,,,[]
80bc8f34-87fa-4c9e-a91f-4648128f6356,"Front End Developer (HTML, CSS, JavaScript) | Remote Sunnyvale, CA",E-Solutions,"Work From Home, CA (Remote)","work from home, ca (remote)",2025-07-11,CareerBuilder,,N/A,https://www.careerbuilder.com/job/J3N3PM6DNZZFY6YY6X0,False,front-end developer,[],"{'Languages & Scripting': ['javascript', 'html', 'css', 'java', 'r'], 'Testing & QA': ['ava']}",0,new,,2025-07-11 15:26:03.381166,,,[]
7142e5da-be45-427c-bc40-c5144fd938af,Back End Developer,Vanguard Nexus,"Work From Home, FL (Remote)","work from home, fl (remote)",2025-07-11,CareerBuilder,,N/A,https://www.careerbuilder.com/job/J3T3KS62YKNDGQ7YQCL,False,front-end developer,[],{'Languages & Scripting': ['r']},0,new,,2025-07-11 15:26:03.924129,,,[]
87bd47f3-0822-4ed2-91b6-8e8d269aa72c,"Front End Developer (HTML, CSS, JavaScript) | Remote - Sunnyvale, CA",E-Solutions,"Work From Home, CA (Remote)","work from home, ca (remote)",2025-07-11,CareerBuilder,,N/A,https://www.careerbuilder.com/job/J3S63Y6JWWS9HWQDJJ3,False,front-end developer,[],"{'Languages & Scripting': ['javascript', 'html', 'css', 'java', 'r'], 'Testing & QA': ['ava']}",0,new,,2025-07-11 15:26:04.469540,,,[]
f04496cc-73fd-49db-b71e-ceee17d90354,Backend Developer US (Remote),ZenGRC,"San Francisco, CA (Remote)","san francisco, ca (remote)",2025-07-11,CareerBuilder,,N/A,https://www.careerbuilder.com/job/J3S7NF70WC19HY391PB,False,front-end developer,[],{'Languages & Scripting': ['r']},0,new,,2025-07-11 15:26:05.036340,,,[]
159897c8-9440-41db-b21d-defda1766c58,Senior Full Stack Web Developer,QSC,USA (Remote),usa (remote),2025-07-11,CareerBuilder,,N/A,https://www.careerbuilder.com/job/J3S3P06FVNN4DW6VNVQ,False,front-end developer,[],{'Languages & Scripting': ['r']},0,new,,2025-07-11 15:26:05.552964,,,[]
6153c018-1fb2-401e-b84c-4e742eb6d442,Seismic Front End Developer,Info Way Solutions,"Work From Home, CA (Remote)","work from home, ca (remote)",2025-07-11,CareerBuilder,,N/A,https://www.careerbuilder.com/job/J3W64Z5X81KCNZBN5ZH,False,front-end developer,[],{'Languages & Scripting': ['r']},0,new,,2025-07-11 15:26:06.114166,,,[]
1486b003-fd42-4272-bbde-468a564560c9,"Senior C# Developer, Trilogy (Remote) - $60,000/year USD",Trilogy,"Boston, MA (Remote)","boston, ma (remote)",2025-07-11,CareerBuilder,,N/A,https://www.careerbuilder.com/job/J3S5JM765B5X7QTLLWH,False,front-end developer,[],{'Languages & Scripting': ['r']},0,new,,2025-07-11 15:26:06.719280,,,[]
8fd611a4-ccc9-4f20-921f-7b7d2584a262,Mid-Level .NET Developer-25% remote,"PlanIT Group, LLC","Boston, MA (Remote)","boston, ma (remote)",2025-07-11,CareerBuilder,,N/A,https://www.careerbuilder.com/job/J3P69K6H4VPR7KTDP70,False,front-end developer,[],{'Languages & Scripting': ['r']},0,new,,2025-07-11 15:26:07.317599,,,[]
80289651-3f6d-4d1d-b6c3-d145f9a9de0a,React Developer,Kasmo Global,"Work From Home, CA (Remote)","work from home, ca (remote)",2025-07-11,CareerBuilder,,N/A,https://www.careerbuilder.com/job/J3P48M6F4QKMM0TVPBL,False,front-end developer,[],"{'Languages & Scripting': ['r'], 'Frontend Frameworks & Libraries': ['react']}",0,new,,2025-07-11 15:26:15.321658,,,[]
e9a2fb5e-d6f8-4c09-9163-fe5b1066550a,Sr. Python Developer,Info Way Solutions,"Work From Home, CA (Remote)","work from home, ca (remote)",2025-07-11,CareerBuilder,,N/A,https://www.careerbuilder.com/job/J3S3CT6V7W2R51B4CLG,False,front-end developer,[],"{'Languages & Scripting': ['python', 'r']}",0,new,,2025-07-11 15:26:15.920198,,,[]
1fa658f0-5b37-4acc-952a-91caa1941c66,Typescript/Javascript Developer,Info Way Solutions,"Work From Home, CA (Remote)","work from home, ca (remote)",2025-07-11,CareerBuilder,,N/A,https://www.careerbuilder.com/job/J3P2KK610KCL0LTCC9R,False,front-end developer,[],"{'Languages & Scripting': ['javascript', 'typescript', 'java', 'r'], 'Testing & QA': ['ava']}",0,new,,2025-07-11 15:26:16.484731,,,[]
6d7e2ebb-f77c-43f4-af94-ad6681ba4b58,Cloud Developer Engineer,HPE,"Work From Home, CA (Remote)","work from home, ca (remote)",2025-07-11,CareerBuilder,,N/A,https://www.careerbuilder.com/job/J3R1305WXCFX7MXMSTN,False,front-end developer,[],{'Languages & Scripting': ['r']},0,new,,2025-07-11 15:26:17.014233,,,[]
df8a3cb8-dee5-4f0a-a63b-72f55c86ea39,Fullstack Developer,QualiTest Group,"Work From Home, CA (Remote)","work from home, ca (remote)",2025-07-11,CareerBuilder,,N/A,https://www.careerbuilder.com/job/J3N7WJ61PCSVMW58KJV,False,front-end developer,[],{'Languages & Scripting': ['r']},0,new,,2025-07-11 15:26:17.604418,,,[]
30a13249-7982-4d7c-981b-2e7d00cc74db,Applications Developer,BCforward,"Redmond, WA (Remote)","redmond, wa (remote)",2025-07-11,CareerBuilder,,N/A,https://www.careerbuilder.com/job/J3T1156ZV93QKSSX569,False,front-end developer,[],{'Languages & Scripting': ['r']},0,new,,2025-07-11 15:26:18.150344,,,[]
f1919667-b418-4761-8a5a-a71d6981b6de,Sr. Software Developer (UI) *Remote*,"Broadcast Music, Inc.","Nashville, TN (Remote)","nashville, tn (remote)",2025-07-11,CareerBuilder,,N/A,https://www.careerbuilder.com/job/J3R3HD77SN7VJQTG439,False,front-end developer,[],{'Languages & Scripting': ['r']},0,new,,2025-07-11 15:26:18.721074,,,[]
e738cfae-4d5a-4b6f-b8ab-f788c4312cd8,Full Stack Developer,Sparks Wiz Limited,"Work From Home, CA (Remote)","work from home, ca (remote)",2025-07-11,CareerBuilder,,N/A,https://www.careerbuilder.com/job/J3T4XB5Y0LQDG9HNSL4,False,front-end developer,[],{'Languages & Scripting': ['r']},0,new,,2025-07-11 15:26:19.311114,,,[]
58dbe53f-50e2-4796-88e8-73838527ce25,Lead Full-Stack Developer,QualiTest Group,"Work From Home, CA (Remote)","work from home, ca (remote)",2025-07-11,CareerBuilder,,N/A,https://www.careerbuilder.com/job/J3M5ZB6VN3J5QY0Y66H,False,front-end developer,[],{'Languages & Scripting': ['r']},0,new,,2025-07-11 15:26:19.895715,,,[]
33b6c099-bb70-4476-9ff4-5b7b54c34b77,Salesforce Commerce Cloud Frontend Developer,"JWay Group, Inc.","Work From Home, OR (Remote)","work from home, or (remote)",2025-07-11,CareerBuilder,,N/A,https://www.careerbuilder.com/job/J3Q621639Z1SDFD680F,False,front-end developer,[],{'Languages & Scripting': ['r']},0,new,,2025-07-11 15:26:20.476865,,,[]
537acbed-bd22-4a10-93b6-d86a609069d6,Senior Frontend Developer (US),Safety CLI Cybersecurity Inc,"Work From Home, PA (Remote)","work from home, pa (remote)",2025-07-11,CareerBuilder,,N/A,https://www.careerbuilder.com/job/J3W25Y74LY625JT5D67,False,front-end developer,[],{'Languages & Scripting': ['r']},0,new,,2025-07-11 15:26:20.999703,,,[]
5c1f4a01-07ab-418a-830d-734e6eab78ee,Oracle APEX Developer,"Savantage Financial Services, Inc.",USA (Remote),usa (remote),2025-07-11,CareerBuilder,,N/A,https://www.careerbuilder.com/job/J3T8CR6D3P1K903ZT1M,False,front-end developer,[],"{'Languages & Scripting': ['r'], 'Databases & Storage': ['oracle']}",0,new,,2025-07-11 15:26:21.552394,,,[]
e7f0072f-1fad-457c-b151-cbb2ece7d84b,Frontend Developer (Full stack),"United Software Group, Inc.","Work From Home, NC (Remote)","work from home, nc (remote)",2025-07-11,CareerBuilder,,N/A,https://www.careerbuilder.com/job/J3Q77B6Q9NTBWD3PJ21,False,front-end developer,[],{'Languages & Scripting': ['r']},0,new,,2025-07-11 15:26:22.141136,,,[]
78b8fe25-d742-4735-a22c-2128882fd26c,Remote Lead Frontend Developer,HireLATAM,"Work From Home, PA (Remote)","work from home, pa (remote)",2025-07-11,CareerBuilder,,N/A,https://www.careerbuilder.com/job/J3Q72D6RH66KJNFLYYJ,False,front-end developer,[],{'Languages & Scripting': ['r']},0,new,,2025-07-11 15:26:22.731910,,,[]
8a4a52ae-b26d-4437-83b0-6c072c0cf7e5,Front End Developer/ React Developer,"Perfict Global, Inc.","Work From Home, CA (Remote)","work from home, ca (remote)",2025-07-11,CareerBuilder,,N/A,https://www.careerbuilder.com/job/J3W3L16QQVV6GL69H8M,False,front-end developer,[],"{'Languages & Scripting': ['r'], 'Frontend Frameworks & Libraries': ['react']}",0,new,,2025-07-11 15:26:23.313875,,,[]
5650c097-86d7-46fa-94cb-b2185b59de1f,QLIK Developer,Judge Group,USA (Remote),usa (remote),2025-07-11,CareerBuilder,,N/A,https://www.careerbuilder.com/job/J3T7TG66KF6W22CLS9H,False,front-end developer,[],{'Languages & Scripting': ['r']},0,new,,2025-07-11 15:26:23.870904,,,[]
1ffc2a13-1b39-4f3f-b75b-b51e2b669c61,"Senior Frontend Developer (Angular, AWS)",Kunai,"Work From Home, PA (Remote)","work from home, pa (remote)",2025-07-11,CareerBuilder,,N/A,https://www.careerbuilder.com/job/J3Q63X6H2PC8KV217Q1,False,front-end developer,[],"{'Languages & Scripting': ['r'], 'Frontend Frameworks & Libraries': ['angular'], 'Cloud & Infrastructure': ['aws']}",0,new,,2025-07-11 15:26:24.410189,,,[]
f9e4cf06-bba0-406e-a50c-69a1bdc3168f,Front-end Developer Intern,DigitalHire,USA (Remote),usa (remote),2025-07-11,CareerBuilder,,N/A,https://www.careerbuilder.com/job/J3T6W26GH45N2XHD326,False,front-end developer,[],{'Languages & Scripting': ['r']},0,new,,2025-07-11 15:26:24.984632,,,[]
d5490ea1-4600-42b5-bf81-cac31af7bac5,Senior Salesforce Developer - Remote with Security Clearance,ICF,"Herndon, VA (Remote)","herndon, va (remote)",2025-07-11,CareerBuilder,,N/A,https://www.careerbuilder.com/job/J3R2TR6V8HR0Z87NN5D,False,front-end developer,[],{'Languages & Scripting': ['r']},0,new,,2025-07-11 15:26:25.555605,,,[]
3fb7710a-832e-4767-a5be-a1cbdb714318,Senior Frontend Web Developer,Rugiet Health,"Work From Home, TX (Remote)","work from home, tx (remote)",2025-07-11,CareerBuilder,,N/A,https://www.careerbuilder.com/job/J3R42F6VNW75K5G0Z6H,False,front-end developer,[],{'Languages & Scripting': ['r']},0,new,,2025-07-11 15:26:26.132224,,,[]
294321ae-80d4-4195-b788-d20e55fa3c73,Frontend Developer,DXC Technology,"Work From Home, VA (Remote)","work from home, va (remote)",2025-07-11,CareerBuilder,,N/A,https://www.careerbuilder.com/job/J3S5635YYFGD8D2JF7F,False,front-end developer,[],{'Languages & Scripting': ['r']},0,new,,2025-07-11 15:26:26.718138,,,[]
b93e6cd9-d412-4515-8378-0744dabd4b7d,Frontend Web Developer II,V-Soft Consulting,"Work From Home, SC (Remote)","work from home, sc (remote)",2025-07-11,CareerBuilder,,N/A,https://www.careerbuilder.com/job/J3M7MP6PVPYQH6K7DYZ,False,front-end developer,[],{'Languages & Scripting': ['r']},0,new,,2025-07-11 15:26:27.264201,,,[]
97bd2276-c150-4601-80d9-6145a5d02cce,Frontend Developer,Insomniac Design,"Work From Home, PA (Remote)","work from home, pa (remote)",2025-07-11,CareerBuilder,,N/A,https://www.careerbuilder.com/job/J3W72F635PWPNWK60BK,False,front-end developer,[],{'Languages & Scripting': ['r']},0,new,,2025-07-11 15:26:27.810834,,,[]
a5d4ddde-c57d-4c1a-9b22-1348dcc30548,Frontend developer,"RIT Solutions, Inc.","Work From Home, AZ (Remote)","work from home, az (remote)",2025-07-11,CareerBuilder,,N/A,https://www.careerbuilder.com/job/J3R2H66699QV0HDFM0K,False,front-end developer,[],{'Languages & Scripting': ['r']},0,new,,2025-07-11 15:26:28.334572,,,[]
52b61e53-5948-4ae9-8d47-05d0151e45c9,Frontend Developer,Jconnect,"Work From Home, PA (Remote)","work from home, pa (remote)",2025-07-11,CareerBuilder,,N/A,https://www.careerbuilder.com/job/J3R3V2661JLXJFWFLYH,False,front-end developer,[],{'Languages & Scripting': ['r']},0,new,,2025-07-11 15:26:28.887296,,,[]
7695805b-a8ab-428b-9a95-24963ec0d4f5,Back-End API Developer (Oracle & SQL),CyberTec,"Work From Home, IL (Remote)","work from home, il (remote)",2025-07-11,CareerBuilder,,N/A,https://www.careerbuilder.com/job/J3M68861KL0P3DWZ9JJ,False,back-end developer,[],"{'Languages & Scripting': ['sql', 'r'], 'Databases & Storage': ['oracle']}",0,new,,2025-07-11 15:26:37.456344,,,[]
7a97d70b-cb0b-416c-9e7c-77f251342eec,Dotnet Backend Developer,Tekfortune Inc,"Work From Home, NY (Remote)","work from home, ny (remote)",2025-07-11,CareerBuilder,,N/A,https://www.careerbuilder.com/job/J3Q5KV60XRKCX6QQ2WY,False,back-end developer,[],{'Languages & Scripting': ['r']},0,new,,2025-07-11 15:26:38.076127,,,[]
5c3d008b-42d8-4e97-8b5d-1a57c07cc0f8,"Back-End Developer, Senior-JCC2-R",Semper Valens Solutions,"Work From Home, TX (Remote)","work from home, tx (remote)",2025-07-11,CareerBuilder,,N/A,https://www.careerbuilder.com/job/J3Q6TH725QFW9KJ1J7P,False,back-end developer,[],{'Languages & Scripting': ['r']},0,new,,2025-07-11 15:26:38.608373,,,[]
5e1665cb-685e-44d0-a226-c6560576074d,"Back-End Developer, Mid-JCC2-R",Semper Valens Solutions,"Work From Home, TX (Remote)","work from home, tx (remote)",2025-07-11,CareerBuilder,,N/A,https://www.careerbuilder.com/job/J3T7NG5X87CDXD1HZ18,False,back-end developer,[],{'Languages & Scripting': ['r']},0,new,,2025-07-11 15:26:39.251730,,,[]
cb8bd709-81ad-433f-b071-88ba095c4242,"Senior Developer, Backend",1Password,"Work From Home, KY (Remote)","work from home, ky (remote)",2025-07-11,CareerBuilder,,N/A,https://www.careerbuilder.com/job/J3S4V160VM8NWZ8MZ1V,False,back-end developer,[],{'Languages & Scripting': ['r']},0,new,,2025-07-11 15:26:39.779717,,,[]
94fab604-47b7-4978-b526-0cc6c49e1982,Backend Javascript Developer,Saxon Global,"Work From Home, MA (Remote)","work from home, ma (remote)",2025-07-11,CareerBuilder,,N/A,https://www.careerbuilder.com/job/J3S2B37059LMCTLSCQJ,False,back-end developer,[],"{'Languages & Scripting': ['javascript', 'java', 'r'], 'Testing & QA': ['ava']}",0,new,,2025-07-11 15:26:40.308962,,,[]
2c81ad4b-bac3-4747-8a73-a9cf5e8a79b9,Entry Level Backend Developer (Java + PostgreSQL),SynergisticIT,"Work From Home, DE (Remote)","work from home, de (remote)",2025-07-11,CareerBuilder,,N/A,https://www.careerbuilder.com/job/J3T4HP75BQ2PZ7FMZT7,False,back-end developer,[],"{'Languages & Scripting': ['sql', 'java', 'r'], 'Databases & Storage': ['postgresql'], 'Testing & QA': ['ava']}",0,new,,2025-07-11 15:26:40.829170,,,[]
143d876d-1eeb-4e5e-8dda-9dc50eadeb1f,Junior Java/Backend Developer (Remote),SynergisticIT,"Baton Rouge, LA (Remote)","baton rouge, la (remote)",2025-07-11,CareerBuilder,,N/A,https://www.careerbuilder.com/job/J3S1NM6CCD305NTPHBV,False,back-end developer,[],"{'Languages & Scripting': ['java', 'r'], 'Testing & QA': ['ava']}",0,new,,2025-07-11 15:26:41.364835,,,[]
ad1bbd6d-0194-4089-85ef-da63c0c921ed,Staff/Senior Backend Engineer (SaaS) $180K - $230K Remote US,GroRapid Labs,"San Francisco, CA (Remote)","san francisco, ca (remote)",2025-07-11,CareerBuilder,,N/A,https://www.careerbuilder.com/job/J3P73K6GYPWZNCCJXHQ,False,back-end developer,[],{'Languages & Scripting': ['r']},0,new,,2025-07-11 15:26:41.915315,,,[]
c128d29f-fe96-4841-85ed-793917b991bf,Senior Backend Software Engineer - Data (REMOTE),GEICO,"San Jose, CA (Remote)","san jose, ca (remote)",2025-07-11,CareerBuilder,,N/A,https://www.careerbuilder.com/job/J3P7T96YRSV4KFVF63L,False,back-end developer,[],{'Languages & Scripting': ['r']},0,new,,2025-07-11 15:26:42.442248,,,[]
af1d7df1-c219-45ac-83b1-6f9d8b3581aa,Principal Backend Software Engineer (Data Team) - ROON,Harman International Industries,"Work From Home, CA (Remote)","work from home, ca (remote)",2025-07-11,CareerBuilder,,N/A,https://www.careerbuilder.com/job/J3T7FV786MNR67SMM5B,False,back-end developer,[],{'Languages & Scripting': ['r']},0,new,,2025-07-11 15:26:42.963566,,,[]
62bbbd3a-fc6f-413c-9d5c-3118e11e9323,Sr. Principal Backend Engineer - Data Team - Roon,Harman International Industries,"Work From Home, CA (Remote)","work from home, ca (remote)",2025-07-11,CareerBuilder,,N/A,https://www.careerbuilder.com/job/J3S2KY6RK5J08RSF0JF,False,back-end developer,[],{'Languages & Scripting': ['r']},0,new,,2025-07-11 15:26:43.511925,,,[]
7722fa2c-ada8-4640-86de-60b470346435,Senior Python Developer / Remote / Cloud & Microservices,Motion Recruitment,"San Francisco, CA (Remote)","san francisco, ca (remote)",2025-07-11,CareerBuilder,,N/A,https://www.careerbuilder.com/job/J3T2235Y612FF1V1S2H,False,back-end developer,[],"{'Languages & Scripting': ['python', 'r'], 'Backend & API': ['microservices']}",0,new,,2025-07-11 15:26:44.398177,,,[]
b6e2170c-98de-46a8-97c4-fdaa7537d131,Senior Python Developer / Remote / Cloud & Microservices,Lensa,"San Francisco, CA (Remote)","san francisco, ca (remote)",2025-07-11,CareerBuilder,,N/A,https://www.careerbuilder.com/job/J3Q5JP6DTG110QQY9SK,False,back-end developer,[],"{'Languages & Scripting': ['python', 'r'], 'Backend & API': ['microservices']}",0,new,,2025-07-11 15:26:44.915682,,,[]
39474b64-14f6-4dcf-a699-f1feb76457be,Senior Cloud Developer (AWS)- Remote (Future Opportunity) with Security Clearance,ICF,"Herndon, VA (Remote)","herndon, va (remote)",2025-07-11,CareerBuilder,,N/A,https://www.careerbuilder.com/job/J3N6XD6NP20F5TJ7X7L,False,back-end developer,[],"{'Languages & Scripting': ['r'], 'Cloud & Infrastructure': ['aws']}",0,new,,2025-07-11 15:26:45.446158,,,[]
ded451e2-5f8c-4d4d-9639-d21bac4ffa7e,Node.JS Developer,Exa Data Inc,USA (Remote),usa (remote),2025-07-11,CareerBuilder,,N/A,https://www.careerbuilder.com/job/J3P37375DFZHY7JNZ42,False,back-end developer,[],"{'Languages & Scripting': ['r'], 'Backend & API': ['node.js']}",0,new,,2025-07-11 15:26:45.967757,,,[]
f808c8db-a56d-4444-9375-7419489b00a4,Senior Python Developer / Remote / Cloud & Microservices,Motion Recruitment,"Work From Home, CA (Remote)","work from home, ca (remote)",2025-07-11,CareerBuilder,,N/A,https://www.careerbuilder.com/job/J3Q2R265DQVV0MND4QB,False,back-end developer,[],"{'Languages & Scripting': ['python', 'r'], 'Backend & API': ['microservices']}",0,new,,2025-07-11 15:26:46.478560,,,[]
7ff4f18d-73dc-4c61-961e-76f108bd6f3e,Senior Python Developer / Remote / Cloud & Microservices,Motion Recruitment,USA (Remote),usa (remote),2025-07-11,CareerBuilder,,N/A,https://www.careerbuilder.com/job/J3S12L68XXS49QD94V7,False,back-end developer,[],"{'Languages & Scripting': ['python', 'r'], 'Backend & API': ['microservices']}",0,new,,2025-07-11 15:26:46.986940,,,[]
fdce6533-3335-49e2-aee0-d0243e9e7409,Back End Developer - .Net,C4 Technical Services,"Work From Home, MN (Remote)","work from home, mn (remote)",2025-07-11,CareerBuilder,,N/A,https://www.careerbuilder.com/job/J3S7NH60HHVLHWV33TY,False,back-end developer,[],{'Languages & Scripting': ['r']},0,new,,2025-07-11 15:26:47.548486,,,[]
8f4c98a7-3145-4df9-bccf-62a66dd20188,Senior Software Engineer (Backend),Panda Restaurant Group,"Work From Home, CA (Remote)","work from home, ca (remote)",2025-07-11,CareerBuilder,,N/A,https://www.careerbuilder.com/job/J3Q0X96SJKGCNRV73MN,False,back-end developer,[],{'Languages & Scripting': ['r']},0,new,,2025-07-11 15:26:55.423790,,,[]
e843c1ca-0f4c-483c-bf8f-46b2da0c3da5,Full Stack Developer,USA (Remote),Contractor,contractor,2025-07-11,CareerBuilder,,N/A,https://www.careerbuilder.com/job/JQS4T576GSR3J6TFST3,False,back-end developer,[],{'Languages & Scripting': ['r']},0,new,,2025-07-11 15:26:56.009299,,,[]
ca0ed2ed-d1b3-44ed-835e-16692568354f,"Staff Software Engineer, Backend",ZipRecruiter,"Work From Home, CA (Remote)","work from home, ca (remote)",2025-07-11,CareerBuilder,,N/A,https://www.careerbuilder.com/job/J3R81P68N13YR2VDK1G,False,back-end developer,[],{'Languages & Scripting': ['r']},0,new,,2025-07-11 15:26:56.539653,,,[]
bf4297e6-c28e-4bd9-aef8-e86b390e11fc,Senior Software Engineer - Backend,Spill.net,"Work From Home, CA (Remote)","work from home, ca (remote)",2025-07-11,CareerBuilder,,N/A,https://www.careerbuilder.com/job/J3R0H06TKFMJG9JNJZP,False,back-end developer,[],{'Languages & Scripting': ['r']},0,new,,2025-07-11 15:26:57.076820,,,[]
55f3f400-5964-4957-a5a2-46df6f9c72ae,"Senior Fullstack Developer - Python/Flask + React - Remote, Latin America",Bluelight Consulting,"San Jose, CA (Remote)","san jose, ca (remote)",2025-07-11,CareerBuilder,,N/A,https://www.careerbuilder.com/job/J3Q6P166YJZSZZ5H08Q,False,back-end developer,[],"{'Languages & Scripting': ['python', 'r'], 'Frontend Frameworks & Libraries': ['react'], 'Backend & API': ['flask']}",0,new,,2025-07-11 15:26:57.802802,,,[]
38cc1905-8a01-43a4-89db-9266d0712791,Principal Software Engineer (.NET) Developer,QualiTest Group,"Work From Home, CA (Remote)","work from home, ca (remote)",2025-07-11,CareerBuilder,,N/A,https://www.careerbuilder.com/job/J3Q36H69VYK4ZFGMP9K,False,back-end developer,[],{'Languages & Scripting': ['r']},0,new,,2025-07-11 15:26:58.335039,,,[]
ab371e3e-a5e8-49f1-88cb-d3cc217f33b2,.Net Developer,"4Consulting, Inc",USA (Remote),usa (remote),2025-07-11,CareerBuilder,,N/A,https://www.careerbuilder.com/job/JQX16D6FQYSKDKFGGT1,False,back-end developer,[],{'Languages & Scripting': ['r']},0,new,,2025-07-11 15:26:59.010527,,,[]
7b1c71ac-31e9-4edb-8d19-09924b7c45c4,Remote - SAP SAC Developer role in CA,Resource Informatics Group,"Work From Home, CA (Remote)","work from home, ca (remote)",2025-07-11,CareerBuilder,,N/A,https://www.careerbuilder.com/job/J3S45D6MSD19RDT9ZGN,False,back-end developer,[],{'Languages & Scripting': ['r']},0,new,,2025-07-11 15:26:59.549492,,,[]
ef586428-fd9b-489c-9ece-a78e9a9f38f9,Senior Shopify Developer (San Francisco),Branch Furniture,"Work From Home, CA (Remote)","work from home, ca (remote)",2025-07-11,CareerBuilder,,N/A,https://www.careerbuilder.com/job/J3W3RR6PL8TRC47Z09K,False,back-end developer,[],{'Languages & Scripting': ['r']},0,new,,2025-07-11 15:27:00.340518,,,[]
5e96f9b1-3a4d-4386-aec3-66ebdc98aeb9,KOFAX Imaging Developer,"Diversified Systems, Inc.","Work From Home, GA (Remote)","work from home, ga (remote)",2025-07-11,CareerBuilder,,N/A,https://www.careerbuilder.com/job/J3S5YZ6HGL5D1MRCWBZ,False,back-end developer,[],{'Languages & Scripting': ['r']},0,new,,2025-07-11 15:27:00.946706,,,[]
cb8d35a8-f6fa-4a8d-a551-9b1ff22acf28,"C++ developer with Python- Remote @ Sandiego, CA",DRS IT Solutions Inc,"San Diego, CA (Remote)","san diego, ca (remote)",2025-07-11,CareerBuilder,,N/A,https://www.careerbuilder.com/job/J3Q2FL661P1X6C0FH2V,False,back-end developer,[],"{'Languages & Scripting': ['python', 'c++', 'go', 'r']}",0,new,,2025-07-11 15:27:01.467123,,,[]
1634c910-3641-426c-bfec-54490b6544a1,Web Developer (Equity-Based),SOULCHI,"Work From Home, CA (Remote)","work from home, ca (remote)",2025-07-11,CareerBuilder,,N/A,https://www.careerbuilder.com/job/J3M7P36PV76X0990DWL,False,back-end developer,[],{'Languages & Scripting': ['r']},0,new,,2025-07-11 15:27:02.082761,,,[]
4f7e5cec-fa9f-472f-8bfc-690df7fbb683,Sr. Software Developer,QuinStreet,"Work From Home, CA (Remote)","work from home, ca (remote)",2025-07-11,CareerBuilder,,N/A,https://www.careerbuilder.com/job/J3S1TY6HJNF3YQN4CFX,False,back-end developer,[],{'Languages & Scripting': ['r']},0,new,,2025-07-11 15:27:02.865177,,,[]
bf4f3179-bc57-4b6d-8153-f3e06b6ddc3d,Full Stack Developer - Backend / API Development,Piper Companies,"Work From Home, PA (Remote)","work from home, pa (remote)",2025-07-11,CareerBuilder,,N/A,https://www.careerbuilder.com/job/J3R3NM6FNBQ7KGTXHMD,False,back-end developer,[],{'Languages & Scripting': ['r']},0,new,,2025-07-11 15:27:03.482233,,,[]
7eb6906b-038e-4e9d-9520-e024f0ed91e8,Java Fullstack Developer,Tekfortune Inc,"Work From Home, CA (Remote)","work from home, ca (remote)",2025-07-11,CareerBuilder,,N/A,https://www.careerbuilder.com/job/J3P0296X5216LF20N32,False,full-stack developer,[],"{'Languages & Scripting': ['java', 'r'], 'Testing & QA': ['ava']}",0,new,,2025-07-11 15:27:08.652376,,,[]
6a08e7f1-f3db-4034-8df2-5726b1bedc12,Senior Full-Stack Developer / Solutions Architect,ShiftCode Analytics,"Work From Home, CA (Remote)","work from home, ca (remote)",2025-07-11,CareerBuilder,,N/A,https://www.careerbuilder.com/job/J3S7MK630BMB03SYY93,False,full-stack developer,[],{'Languages & Scripting': ['r']},0,new,,2025-07-11 15:27:09.414394,,,[]
bb38d50f-877a-43b1-95de-55da79f5f051,Software Development Engineer - REMOTE (Full-stack) with Security Clearance,Codescratch LLC,"Fort Meade, MD (Remote)","fort meade, md (remote)",2025-07-11,CareerBuilder,,N/A,https://www.careerbuilder.com/job/J3P1156G7K8H1W9T746,False,full-stack developer,[],{'Languages & Scripting': ['r']},0,new,,2025-07-11 15:27:09.963813,,,[]
70ff2229-79f2-4c9e-ad60-5a15cba20ce2,Senior Full-Stack Engineer (React / .NET / Live Streaming eCommerce),Jatango LLC,"Work From Home, OH (Remote)","work from home, oh (remote)",2025-07-11,CareerBuilder,,N/A,https://www.careerbuilder.com/job/J3P44T79GDQM6HZFMVG,False,full-stack developer,[],"{'Languages & Scripting': ['r'], 'Frontend Frameworks & Libraries': ['react']}",0,new,,2025-07-11 15:27:10.519133,,,[]
90c88835-bcfa-42a3-b142-0d2ddd542643,Full-stack Software Dev - UK or Ireland (remote),Qualcomm,USA (Remote),usa (remote),2025-07-11,CareerBuilder,,N/A,https://www.careerbuilder.com/job/J3R4FN781XRK9ZJC9J5,False,full-stack developer,[],{'Languages & Scripting': ['r']},0,new,,2025-07-11 15:27:11.077732,,,[]
c7c0d6a6-0f5b-4906-86c1-46c8c27ffdb8,Fullstack Engineer- TypeScript,Saviance,"Work From Home, MA (Remote)","work from home, ma (remote)",2025-07-11,CareerBuilder,,N/A,https://www.careerbuilder.com/job/J3S6CD6D4YKS80KJRNG,False,full-stack developer,[],"{'Languages & Scripting': ['typescript', 'r']}",0,new,,2025-07-11 15:27:11.614496,,,[]
a06ed11d-cdcc-4fe8-9cbe-75c360ef45e2,FullStack Dotnet Engineer,Tekfortune Inc,"Work From Home, WA (Remote)","work from home, wa (remote)",2025-07-11,CareerBuilder,,N/A,https://www.careerbuilder.com/job/J3P1QL5X6XBVHPZ362T,False,full-stack developer,[],{'Languages & Scripting': ['r']},0,new,,2025-07-11 15:27:12.173047,,,[]
23ac1a98-584f-4d1f-a4ae-7609c85ec3b2,"Senior Full-Stack Engineer, Ads San Francisco (USA) Remote (USA) Discord USD 196,000-220,500 pe[...]",Gamecompanies,"San Francisco, CA (Remote)","san francisco, ca (remote)",2025-07-11,CareerBuilder,,N/A,https://www.careerbuilder.com/job/J3Q3BJ6V1FJK78W189J,False,full-stack developer,[],{'Languages & Scripting': ['r']},0,new,,2025-07-11 15:27:12.712594,,,[]
594dd0c6-b75e-412b-8ceb-bb05bd2c14d2,Senior+ Fullstack Engineer,Recruiting from Scratch,"Work From Home, CA (Remote)","work from home, ca (remote)",2025-07-11,CareerBuilder,,N/A,https://www.careerbuilder.com/job/J3P0G06DW4C5DJBPRCK,False,full-stack developer,[],{'Languages & Scripting': ['r']},0,new,,2025-07-11 15:27:13.260211,,,[]
1f26f7e7-22f5-4b32-86a4-6caa437c3800,Senior Fullstack Engineer,Recruiting from Scratch,"Work From Home, WA (Remote)","work from home, wa (remote)",2025-07-11,CareerBuilder,,N/A,https://www.careerbuilder.com/job/J3P4D2604YWBXK4R2VV,False,full-stack developer,[],{'Languages & Scripting': ['r']},0,new,,2025-07-11 15:27:13.826152,,,[]
6cad5dcd-61e9-4820-953b-769524db45f8,Entry Level Full-Stack Engineer,SynergisticIT,"Work From Home, DE (Remote)","work from home, de (remote)",2025-07-11,CareerBuilder,,N/A,https://www.careerbuilder.com/job/J3Q8C96FWZCL9BXDV0X,False,full-stack developer,[],{'Languages & Scripting': ['r']},0,new,,2025-07-11 15:27:14.374999,,,[]
a954621f-6ecf-439e-b812-d0b00b2e35e7,Staff Full-Stack Engineer,Deque Systems,"Work From Home, TN (Remote)","work from home, tn (remote)",2025-07-11,CareerBuilder,,N/A,https://www.careerbuilder.com/job/J3N1FL72LJMBY7J2QVB,False,full-stack developer,[],{'Languages & Scripting': ['r']},0,new,,2025-07-11 15:27:14.919226,,,[]
d9bf6c14-1654-4c68-bd94-cf5e8d6f4475,"Senior Software Engineer, Fullstack (Remote-friendly but US only)",Mixpanel,"Work From Home, CA (Remote)","work from home, ca (remote)",2025-07-11,CareerBuilder,,N/A,https://www.careerbuilder.com/job/J3N2MS64XPJRQM2J6KL,False,full-stack developer,[],{'Languages & Scripting': ['r']},0,new,,2025-07-11 15:27:15.635455,,,[]
751e8698-1658-450f-bbfa-2a8b7b9f3e33,Sr. Cloud Application Developer (Java/React)REMOTE,Claritev,"McLean, VA (Remote)","mclean, va (remote)",2025-07-11,CareerBuilder,,N/A,https://www.careerbuilder.com/job/J3T152694QN20KBQTXV,False,full-stack developer,[],"{'Languages & Scripting': ['java', 'r'], 'Frontend Frameworks & Libraries': ['react'], 'Testing & QA': ['ava']}",0,new,,2025-07-11 15:27:16.266985,,,[]
570136d8-ee26-4850-b571-52e450e72a82,Web Developer (Junior)- Remote,SynergisticIT,"Work From Home, CA (Remote)","work from home, ca (remote)",2025-07-11,CareerBuilder,,N/A,https://www.careerbuilder.com/job/J3M5P46FVVDL00GYMRZ,False,full-stack developer,[],{'Languages & Scripting': ['r']},0,new,,2025-07-11 15:27:16.837752,,,[]
0b2ad059-1df5-4fae-8fe6-e40234a02fc2,Entry Level Python Developer (Remote),SynergisticIT,"Work From Home, CA (Remote)","work from home, ca (remote)",2025-07-11,CareerBuilder,,N/A,https://www.careerbuilder.com/job/J3S74963C36S9L94T0P,False,full-stack developer,[],"{'Languages & Scripting': ['python', 'r']}",0,new,,2025-07-11 15:27:17.360823,,,[]
2ef5981b-e9f9-4e3c-ac7a-59fc4ce01b93,Python/R developer - Remote,SynergisticIT,"Work From Home, CA (Remote)","work from home, ca (remote)",2025-07-11,CareerBuilder,,N/A,https://www.careerbuilder.com/job/J3S3JS73K4LJ9SJ2ZXX,False,full-stack developer,[],"{'Languages & Scripting': ['python', 'r']}",0,new,,2025-07-11 15:27:18.116288,,,[]
84e4f3c9-7b4b-442f-aeed-b6f1c81a9ab1,Java Developer - Remote,SynergisticIT,"Indianapolis, IN (Remote)","indianapolis, in (remote)",2025-07-11,CareerBuilder,,N/A,https://www.careerbuilder.com/job/J3R1F462VC8B6R9R098,False,full-stack developer,[],"{'Languages & Scripting': ['java', 'r'], 'Testing & QA': ['ava']}",0,new,,2025-07-11 15:27:18.736447,,,[]
777c3038-90bf-47e7-b7be-b5a17f49f79c,Entry Level Full Stack Developer (Remote),SynergisticIT,"Work From Home, CA (Remote)","work from home, ca (remote)",2025-07-11,CareerBuilder,,N/A,https://www.careerbuilder.com/job/J3Q3GR6DTZTZ8NNCNLZ,False,full-stack developer,[],{'Languages & Scripting': ['r']},0,new,,2025-07-11 15:27:19.268405,,,[]
6b81d1d5-7eef-4239-a7da-a8ac4baf0909,Lightning Developer Evangelist (Remote),Lightning Labs,"Palo Alto, CA (Remote)","palo alto, ca (remote)",2025-07-11,CareerBuilder,,N/A,https://www.careerbuilder.com/job/J3S4P16QW8YLKVZN3YH,False,full-stack developer,[],{'Languages & Scripting': ['r']},0,new,,2025-07-11 15:27:25.507936,,,[]
130b01bd-9d76-40d3-8807-40e9bc89d4d3,"Application Developer, Consultant",Blue Shield Of California,"Work From Home, CA (Remote)","work from home, ca (remote)",2025-07-11,CareerBuilder,,N/A,https://www.careerbuilder.com/job/J3P1XP6CLCH635C6TS7,False,full-stack developer,[],{'Languages & Scripting': ['r']},0,new,,2025-07-11 15:27:26.262954,,,[]
e3c42988-62d0-47c6-85de-303c803c35d0,Python/R developer - Remote,SynergisticIT,"Work From Home, CA (Remote)","work from home, ca (remote)",2025-07-11,CareerBuilder,,N/A,https://www.careerbuilder.com/job/J3R0R16B9C6D7JXM63R,False,full-stack developer,[],"{'Languages & Scripting': ['python', 'r']}",0,new,,2025-07-11 15:27:26.787856,,,[]
da540eed-bd7b-4ea0-a7f3-3bd8b8865400,Lead Full Stack Developer,TechnoGen Inc,USA (Remote),usa (remote),2025-07-11,CareerBuilder,,N/A,https://www.careerbuilder.com/job/J3Q4FH5WLJ991FGJ87P,False,full-stack developer,[],{'Languages & Scripting': ['r']},0,new,,2025-07-11 15:27:27.485012,,,[]
3432a0e6-1588-4931-945e-16f02cf5093d,Sr. Full Stack Developer (React/Node) - REMOTE,TEKsystems,"San Francisco, CA (Remote)","san francisco, ca (remote)",2025-07-11,CareerBuilder,,N/A,https://www.careerbuilder.com/job/J3S57P6CFZ2L654F93Q,False,full-stack developer,[],"{'Languages & Scripting': ['r'], 'Frontend Frameworks & Libraries': ['react']}",0,new,,2025-07-11 15:27:28.054637,,,[]
eac894dc-cd4e-4a56-b5c7-099974ab2e20,.Net Fullstack Developer,Mothership,"Work From Home, NJ (Remote)","work from home, nj (remote)",2025-07-11,CareerBuilder,,N/A,https://www.careerbuilder.com/job/J3R7GJ6QMQ9SQQBJ03X,False,full-stack developer,[],{'Languages & Scripting': ['r']},0,new,,2025-07-11 15:27:28.588057,,,[]
74fe634e-dd9c-47eb-a8b3-8a155913aaeb,Fullstack Developer,Pipe Recruit,"Work From Home, NC (Remote)","work from home, nc (remote)",2025-07-11,CareerBuilder,,N/A,https://www.careerbuilder.com/job/J3T2YS60GSFMB8ZX6L6,False,full-stack developer,[],{'Languages & Scripting': ['r']},0,new,,2025-07-11 15:27:29.119090,,,[]
2ceee385-12ee-4510-b1d5-90258462b019,Senior Java Fullstack Developer,Ahon Solutions Inc,"Work From Home, PA (Remote)","work from home, pa (remote)",2025-07-11,CareerBuilder,,N/A,https://www.careerbuilder.com/job/J3P3G45VRL1XF06NCT5,False,full-stack developer,[],"{'Languages & Scripting': ['java', 'r'], 'Testing & QA': ['ava']}",0,new,,2025-07-11 15:27:29.646785,,,[]
43481e1f-1dca-4a97-bd22-f78d44e24d17,"Front End/Fullstack Developer {react, C#} (remote)",Saxon Global,"Work From Home, PA (Remote)","work from home, pa (remote)",2025-07-11,CareerBuilder,,N/A,https://www.careerbuilder.com/job/J3T6286M0D07RXZLLX2,False,full-stack developer,[],"{'Languages & Scripting': ['r'], 'Frontend Frameworks & Libraries': ['react']}",0,new,,2025-07-11 15:27:30.182906,,,[]
8a58b79e-c759-4050-b9a5-6973dbfebef6,FullStack Developer Subcontractor,The Hackett Group,"Work From Home, FL (Remote)","work from home, fl (remote)",2025-07-11,CareerBuilder,,N/A,https://www.careerbuilder.com/job/J3S7BQ6BT7BHHSBTL5F,False,full-stack developer,[],{'Languages & Scripting': ['r']},0,new,,2025-07-11 15:27:30.750776,,,[]
0506efca-7df5-40e7-bfc7-4f990adcb201,Fullstack Developer,Greenlight Path,"Work From Home, OR (Remote)","work from home, or (remote)",2025-07-11,CareerBuilder,,N/A,https://www.careerbuilder.com/job/J3R5N473Z9J8FD9H5KX,False,full-stack developer,[],{'Languages & Scripting': ['r']},0,new,,2025-07-11 15:27:31.275477,,,[]
1246246c-040a-47d1-813f-8e4c85d8d084,Java-Fullstack Developer,Mothership,"Work From Home, OH (Remote)","work from home, oh (remote)",2025-07-11,CareerBuilder,,N/A,https://www.careerbuilder.com/job/J3R3NX6VN3YMW25JY5C,False,full-stack developer,[],"{'Languages & Scripting': ['java', 'r'], 'Testing & QA': ['ava']}",0,new,,2025-07-11 15:27:31.809397,,,[]
017458fe-1492-45d7-9698-d62cc09eec30,.NET Fullstack Developer,The Headhunter,"Work From Home, OR (Remote)","work from home, or (remote)",2025-07-11,CareerBuilder,,N/A,https://www.careerbuilder.com/job/J3W2M16MS9JW0LWSFLV,False,full-stack developer,[],{'Languages & Scripting': ['r']},0,new,,2025-07-11 15:27:32.354776,,,[]
f78f8db5-e132-4db3-a527-e467d614dc5d,MEAN Fullstack Developer,Saxon Global,"Work From Home, PA (Remote)","work from home, pa (remote)",2025-07-11,CareerBuilder,,N/A,https://www.careerbuilder.com/job/J3W3PL5W0HKJMY7TDTJ,False,full-stack developer,[],{'Languages & Scripting': ['r']},0,new,,2025-07-11 15:27:32.903704,,,[]
1ec6e642-b722-42f0-a545-5967b1603882,Remote SR Fullstack Developer - Java / React (Monolithic),Insight Global,"Westbrook, ME (Remote)","westbrook, me (remote)",2025-07-11,CareerBuilder,,N/A,https://www.careerbuilder.com/job/J3W56D67WLQS5GSJ5Y2,False,full-stack developer,[],"{'Languages & Scripting': ['java', 'r'], 'Frontend Frameworks & Libraries': ['react', 'lit'], 'Testing & QA': ['ava']}",0,new,,2025-07-11 15:27:33.414244,,,[]
e7ce9863-24b4-4e7d-b24d-86d724eb8c6c,.NET Fullstack Developer,E-Solutions,"Work From Home, PA (Remote)","work from home, pa (remote)",2025-07-11,CareerBuilder,,N/A,https://www.careerbuilder.com/job/J3Q1NR72202FHM4826J,False,full-stack developer,[],{'Languages & Scripting': ['r']},0,new,,2025-07-11 15:27:33.959563,,,[]
5948f5c2-7a2f-48a4-a2cd-722eda507d9d,Java Fullstack Developer (Mid-Level),Scout Exchange LLC,"Work From Home, PA (Remote)","work from home, pa (remote)",2025-07-11,CareerBuilder,,N/A,https://www.careerbuilder.com/job/J3Q4C26C0VS4FCZXNG0,False,full-stack developer,[],"{'Languages & Scripting': ['java', 'r'], 'Testing & QA': ['ava']}",0,new,,2025-07-11 15:27:34.473347,,,[]
74b352f9-44ff-4c80-b33c-74c06b09fe9d,Python Fullstack Developer (Python + Angular),Emonics LLC,"Work From Home, NJ (Remote)","work from home, nj (remote)",2025-07-11,CareerBuilder,,N/A,https://www.careerbuilder.com/job/J3Q4RW77KD9BVWYQDVK,False,full-stack developer,[],"{'Languages & Scripting': ['python', 'r'], 'Frontend Frameworks & Libraries': ['angular']}",0,new,,2025-07-11 15:27:34.996614,,,[]
bebfa917-6153-4cfe-a8f7-e1813f7b99f3,"Senior Software Engineer, Fullstack (Developer - CDP API)",Coinbase Global,"Work From Home, PA (Remote)","work from home, pa (remote)",2025-07-11,CareerBuilder,,N/A,https://www.careerbuilder.com/job/J3S4TS61LS7YNYT5SRC,False,full-stack developer,[],{'Languages & Scripting': ['r']},0,new,,2025-07-11 15:27:35.549346,,,[]
02463641-9a3d-45ab-9256-1ac45289f37f,Java Fullstack Lead Developer,"United Software Group, Inc.","Work From Home, PA (Remote)","work from home, pa (remote)",2025-07-11,CareerBuilder,,N/A,https://www.careerbuilder.com/job/J3Q1VN6MFFBRVZQKNPQ,False,full-stack developer,[],"{'Languages & Scripting': ['java', 'r'], 'Testing & QA': ['ava']}",0,new,,2025-07-11 15:27:36.063753,,,[]
4ee763bd-2fe0-40d6-93fa-7e105f689395,Director of Web Experience (Flexible US),Slalom,"Work From Home, GA (Remote)","work from home, ga (remote)",2025-07-11,CareerBuilder,,N/A,https://www.careerbuilder.com/job/J3P89K6YF1CL204Y2M7,False,web developer,[],{'Languages & Scripting': ['r']},0,new,,2025-07-11 15:27:44.209661,,,[]
931b4011-6748-4627-b310-d6d285dcb060,Senior Python Web3 Engineer - Remote Globally,Yeah! Global,"Work From Home, CA (Remote)","work from home, ca (remote)",2025-07-11,CareerBuilder,,N/A,https://www.careerbuilder.com/job/J3W06P70RGBGY5NDRP3,False,web developer,[],"{'Languages & Scripting': ['python', 'r']}",0,new,,2025-07-11 15:27:45.033922,,,[]
122c8105-20e0-499f-8195-b8b1369a1fed,Power Platform Developer - REMOTE in Denver with Security Clearance,Mindbank Consulting Group,"Aurora, CO (Remote)","aurora, co (remote)",2025-07-11,CareerBuilder,,N/A,https://www.careerbuilder.com/job/J3R7NB6XS5934MPJ6MV,False,web developer,[],{'Languages & Scripting': ['r']},0,new,,2025-07-11 15:27:45.584364,,,[]
d3a1f88d-80f7-4c72-8b67-c912d4c1fc15,Power Platform Developer,"Mindbank Consulting Group, LLC",USA (Remote),usa (remote),2025-07-11,CareerBuilder,,N/A,https://www.careerbuilder.com/job/JQP14T77G1FS7RDFMKS,False,web developer,[],{'Languages & Scripting': ['r']},0,new,,2025-07-11 15:27:46.127381,,,[]
ddd114e0-d6e3-4185-b9bd-87ec8fa74c5b,Senior Web Analyst - Search Performance - Remote,Algolia,"Boston, MA (Remote)","boston, ma (remote)",2025-07-11,CareerBuilder,,N/A,https://www.careerbuilder.com/job/J3M6FV6NPZ2NM1GXLZD,False,web developer,[],{'Languages & Scripting': ['r']},0,new,,2025-07-11 15:27:46.659195,,,[]
1a9bdaac-ff02-4ac7-86f2-145b89c39ce6,POWER PLATFORM DEVELOPER - Remote in Denver! with Security Clearance,Mindbank Consulting Group,"Aurora, CO (Remote)","aurora, co (remote)",2025-07-11,CareerBuilder,,N/A,https://www.careerbuilder.com/job/J3S4MK5VYPX950L0GQ6,False,web developer,[],{'Languages & Scripting': ['r']},0,new,,2025-07-11 15:27:47.191034,,,[]
4b443752-ca8e-4e26-822d-1118fc7a4d60,"Permanent Sr. Sales Force Developer 100% Remote (Needs to live in US, No Sponsorship offered)",Platinum Enterprises LTD LLC,"Shelby Township, MI (Remote)","shelby township, mi (remote)",2025-07-11,CareerBuilder,,N/A,https://www.careerbuilder.com/job/J3P1WT6NTS4YQCJFQJG,False,web developer,[],{'Languages & Scripting': ['r']},0,new,,2025-07-11 15:27:47.838013,,,[]
2c0eedb7-5624-443b-8e38-0efaf7ccd753,Salesforce Developer - Remote (US) with Security Clearance,ICF,"Herndon, VA (Remote)","herndon, va (remote)",2025-07-11,CareerBuilder,,N/A,https://www.careerbuilder.com/job/J3T2LW620BVVRMH712L,False,web developer,[],{'Languages & Scripting': ['r']},0,new,,2025-07-11 15:27:48.388130,,,[]
b07f7779-a843-4b42-9690-6c3d982c2971,Sr. Salesforce Developer,General Dynamics Information Technology,USA (Remote),usa (remote),2025-07-11,CareerBuilder,,N/A,https://www.careerbuilder.com/job/J3N6QM6ZRR1ZJ7Z5V33,False,web developer,[],{'Languages & Scripting': ['r']},0,new,,2025-07-11 15:27:49.069072,,,[]
511478f6-99e2-4ad9-a9c3-067783e24c6a,Software Developer - Golang USA,Zortech Solutions,"Work From Home, CA (Remote)","work from home, ca (remote)",2025-07-11,CareerBuilder,,N/A,https://www.careerbuilder.com/job/J3P3C576JH14SQL4G7V,False,web developer,[],"{'Languages & Scripting': ['go', 'r']}",0,new,,2025-07-11 15:27:49.720842,,,[]
21a6b7ff-416f-472f-929c-b1e4f0a172d7,Programmer Analyst 6 - Senior Angular Developer,My3Tech Inc,"Work From Home, MI (Remote)","work from home, mi (remote)",2025-07-11,CareerBuilder,,N/A,https://www.careerbuilder.com/job/J3N5KN65X2R0B0WDXJ9,False,web developer,[],"{'Languages & Scripting': ['r'], 'Frontend Frameworks & Libraries': ['angular']}",0,new,,2025-07-11 15:27:50.279208,,,[]
d534e676-cc66-4fd7-9d94-86a54834b760,CTDS Content Developer,CyberTec,"Work From Home, CT (Remote)","work from home, ct (remote)",2025-07-11,CareerBuilder,,N/A,https://www.careerbuilder.com/job/J3T0Y377CFHH7H9WSZQ,False,web developer,[],{'Languages & Scripting': ['r']},0,new,,2025-07-11 15:27:50.860623,,,[]
e31e12cd-eb1f-4554-b904-b611639f6c98,Senior Salesforce Developer ( Remote ),iHire,"Washington, DC (Remote)","washington, dc (remote)",2025-07-11,CareerBuilder,,N/A,https://www.careerbuilder.com/job/J3R17V6X7YC0BVRR878,False,web developer,[],{'Languages & Scripting': ['r']},0,new,,2025-07-11 15:27:58.416488,,,[]
0f88a094-9c08-4fc3-b227-0d3f31ef9f1e,Sr Guidewire Developer,My3Tech Inc,"Work From Home, CA (Remote)","work from home, ca (remote)",2025-07-11,CareerBuilder,,N/A,https://www.careerbuilder.com/job/J3W41V74VHVFDYN5NTV,False,web developer,[],{'Languages & Scripting': ['r']},0,new,,2025-07-11 15:27:58.997737,,,[]
6a0fc630-57c1-4dd3-94b1-2ec647868c87,Content Developer - CMS,CyberTec,"Work From Home, CT (Remote)","work from home, ct (remote)",2025-07-11,CareerBuilder,,N/A,https://www.careerbuilder.com/job/J3W6Y86DH4CNPKDTNCQ,False,web developer,[],{'Languages & Scripting': ['r']},0,new,,2025-07-11 15:27:59.537272,,,[]
16f18618-7a58-4aca-9a39-cd19c00b5744,Clojure Developer,Judge Group,USA (Remote),usa (remote),2025-07-11,CareerBuilder,,N/A,https://www.careerbuilder.com/job/J3R1SQ6ZH25V8LJJ9NH,False,web developer,[],{'Languages & Scripting': ['r']},0,new,,2025-07-11 15:28:00.187406,,,[]
ec1fe662-9d94-4cc4-9498-693503bc9eb8,Base24 Developer,Judge Group,USA (Remote),usa (remote),2025-07-11,CareerBuilder,,N/A,https://www.careerbuilder.com/job/J3P56F70N012Y3W38GP,False,web developer,[],{'Languages & Scripting': ['r']},0,new,,2025-07-11 15:28:00.721256,,,[]
ebf81150-5e0d-4d94-af80-8ff88ffb410e,Facets Developer,Judge Group,USA (Remote),usa (remote),2025-07-11,CareerBuilder,,N/A,https://www.careerbuilder.com/job/J3R76M6J55RJGRCGGWK,False,web developer,[],{'Languages & Scripting': ['r']},0,new,,2025-07-11 15:28:01.276249,,,[]
b56fd0ed-e105-4472-a2b4-c9dfd4dbd2f8,Software Application Developer/Analyst - III,Judge Group,USA (Remote),usa (remote),2025-07-11,CareerBuilder,,N/A,https://www.careerbuilder.com/job/J3W3R36JZ22JXC8F1J4,False,web developer,[],{'Languages & Scripting': ['r']},0,new,,2025-07-11 15:28:01.898067,,,[]
015fea8c-efa9-4969-b370-8192e642c89c,Lead Magento Cloud Developer,Judge Group,USA (Remote),usa (remote),2025-07-11,CareerBuilder,,N/A,https://www.careerbuilder.com/job/J3V3K865W6K5YTKSNGH,False,web developer,[],{'Languages & Scripting': ['r']},0,new,,2025-07-11 15:28:02.498267,,,[]
b1db0b81-f677-4999-9411-ce74d264c338,Application Developer III (Python/Fivetran HVR),Syntricate Technologies,"Work From Home, CA (Remote)","work from home, ca (remote)",2025-07-11,CareerBuilder,,N/A,https://www.careerbuilder.com/job/J3P0X2672KSFNFMXSBY,False,web developer,[],"{'Languages & Scripting': ['python', 'r']}",0,new,,2025-07-11 15:28:03.034154,,,[]
75cf0ff1-21fa-4acf-a57d-cdf314d93df7,QuickSight Business Intelligence Developer,General Dynamics Information Technology,USA (Remote),usa (remote),2025-07-11,CareerBuilder,,N/A,https://www.careerbuilder.com/job/J3M0HP6T7PWD1XQXPVN,False,web developer,[],{'Languages & Scripting': ['r']},0,new,,2025-07-11 15:28:03.840158,,,[]
551587f9-aa4a-408f-81af-f55d66948c2f,Software Developer Senior,Moss Adams LLP,"Work From Home, CA (Remote)","work from home, ca (remote)",2025-07-11,CareerBuilder,,N/A,https://www.careerbuilder.com/job/J3Q5KC614BS17XXV4TJ,False,web developer,[],{'Languages & Scripting': ['r']},0,new,,2025-07-11 15:28:04.439248,,,[]
05516191-4047-46c3-b639-f6378ba1b224,Software Developer Senior,Moss Adams LLP,"Work From Home, CA (Remote)","work from home, ca (remote)",2025-07-11,CareerBuilder,,N/A,https://www.careerbuilder.com/job/J3T3KD639CZH3S8JPN5,False,web developer,[],{'Languages & Scripting': ['r']},0,new,,2025-07-11 15:28:04.958964,,,[]
c64b7d64-46cc-4f5e-8666-4947537e14ca,Software Developer Senior,Moss Adams LLP,"Work From Home, CA (Remote)","work from home, ca (remote)",2025-07-11,CareerBuilder,,N/A,https://www.careerbuilder.com/job/J3R5CZ606R30TX8LSYL,False,web developer,[],{'Languages & Scripting': ['r']},0,new,,2025-07-11 15:28:05.572526,,,[]
16bacda3-3f91-4256-b3aa-fee8c2fc406f,webMethods Integration Developer,Compu-Vision Consulting,"Work From Home, CA (Remote)","work from home, ca (remote)",2025-07-11,CareerBuilder,,N/A,https://www.careerbuilder.com/job/J3T82M66V49Q7NDCMQ9,False,web developer,[],{'Languages & Scripting': ['r']},0,new,,2025-07-11 15:28:06.348810,,,[]
767a92cf-6051-40ad-8435-88c6e73733a7,Developer: Software IV - Windchill PLM,TechOne Staffing,"Work From Home, AZ (Remote)","work from home, az (remote)",2025-07-11,CareerBuilder,,N/A,https://www.careerbuilder.com/job/J3T6MP6NLGCST6W643Y,False,web developer,[],{'Languages & Scripting': ['r']},0,new,,2025-07-11 15:28:07.055158,,,[]
